"periodo","clientes_no_inicio_do_mes","total_churn_no_mes","churn_rate_percentual","status_saude"
"2003-07",6,0,0.00,SAUDÁVEL
"2003-08",13,0,0.00,SAUDÁVEL
"2003-09",22,0,0.00,SAUDÁVEL
"2003-10",34,0,0.00,SAUDÁVEL
"2003-11",51,1,1.96,ALERTA
"2003-12",60,0,0.00,SAUDÁVEL
"2004-01",79,0,0.00,SAUDÁVEL
"2004-02",103,0,0.00,SAUDÁVEL
"2004-03",118,0,0.00,SAUDÁVEL
"2004-04",135,0,0.00,SAUDÁVEL
"2004-05",150,0,0.00,SAUDÁVEL
"2004-06",172,0,0.00,SAUDÁVEL
"2004-07",207,0,0.00,SAUDÁVEL
"2004-08",236,0,0.00,SAUDÁVEL
"2004-09",258,0,0.00,SAUDÁVEL
"2004-10",280,0,0.00,SAUDÁVEL
"2004-11",304,0,0.00,SAUDÁVEL
"2004-12",330,0,0.00,SAUDÁVEL
"2005-01",361,5,1.39,SAUDÁVEL
"2005-02",401,0,0.00,SAUDÁVEL
"2005-03",435,0,0.00,SAUDÁVEL
"2005-04",468,0,0.00,SAUDÁVEL
"2005-05",492,2,0.41,SAUDÁVEL
"2005-06",529,9,1.70,ALERTA
"2005-07",551,21,3.81,CRÍTICO (>2%)
"2005-08",561,4,0.71,SAUDÁVEL
"2005-09",599,6,1.00,SAUDÁVEL
"2005-10",645,14,2.17,CRÍTICO (>2%)
"2005-11",688,9,1.31,SAUDÁVEL
"2005-12",702,9,1.28,SAUDÁVEL
"2006-01",723,11,1.52,ALERTA
"2006-02",770,13,1.69,ALERTA
"2006-03",790,11,1.39,SAUDÁVEL
"2006-04",823,5,0.61,SAUDÁVEL
"2006-05",853,14,1.64,ALERTA
"2006-06",896,22,2.46,CRÍTICO (>2%)
"2006-07",903,12,1.33,SAUDÁVEL
"2006-08",947,23,2.43,CRÍTICO (>2%)
"2006-09",960,21,2.19,CRÍTICO (>2%)
"2006-10",967,7,0.72,SAUDÁVEL
"2006-11",988,17,1.72,ALERTA
"2006-12",997,5,0.50,SAUDÁVEL
"2007-01",1034,15,1.45,SAUDÁVEL
"2007-02",1049,6,0.57,SAUDÁVEL
"2007-03",1078,27,2.50,CRÍTICO (>2%)
"2007-04",1071,12,1.12,SAUDÁVEL
"2007-05",1100,27,2.45,CRÍTICO (>2%)
"2007-06",1114,20,1.80,ALERTA
"2007-07",1134,12,1.06,SAUDÁVEL
"2007-08",1176,13,1.11,SAUDÁVEL
"2007-09",1218,7,0.57,SAUDÁVEL
"2007-10",1240,25,2.02,CRÍTICO (>2%)
"2007-11",1263,15,1.19,SAUDÁVEL
"2007-12",1297,23,1.77,ALERTA
"2008-01",1314,25,1.90,ALERTA
"2008-02",1348,11,0.82,SAUDÁVEL
"2008-03",1385,19,1.37,SAUDÁVEL
"2008-04",1410,20,1.42,SAUDÁVEL
"2008-05",1435,20,1.39,SAUDÁVEL
"2008-06",1462,20,1.37,SAUDÁVEL
"2008-07",1478,45,3.04,CRÍTICO (>2%)
"2008-08",1496,27,1.80,ALERTA
"2008-09",1521,20,1.31,SAUDÁVEL
"2008-10",1561,23,1.47,SAUDÁVEL
"2008-11",1578,18,1.14,SAUDÁVEL
"2008-12",1590,31,1.95,ALERTA
"2009-01",1598,30,1.88,ALERTA
"2009-02",1608,32,1.99,ALERTA
"2009-03",1607,26,1.62,ALERTA
"2009-04",1620,21,1.30,SAUDÁVEL
"2009-05",1629,19,1.17,SAUDÁVEL
"2009-06",1652,31,1.88,ALERTA
"2009-07",1653,24,1.45,SAUDÁVEL
"2009-08",1687,20,1.19,SAUDÁVEL
"2009-09",1727,26,1.51,ALERTA
"2009-10",1741,24,1.38,SAUDÁVEL
"2009-11",1752,25,1.43,SAUDÁVEL
"2009-12",1766,26,1.47,SAUDÁVEL
"2010-01",1778,29,1.63,ALERTA
"2010-02",1776,18,1.01,SAUDÁVEL
"2010-03",1797,22,1.22,SAUDÁVEL
"2010-04",1808,22,1.22,SAUDÁVEL
"2010-05",1836,16,0.87,SAUDÁVEL
"2010-06",1853,21,1.13,SAUDÁVEL
"2010-07",1856,38,2.05,CRÍTICO (>2%)
"2010-08",1871,23,1.23,SAUDÁVEL
"2010-09",1872,19,1.01,SAUDÁVEL
"2010-10",1906,21,1.10,SAUDÁVEL
"2010-11",1922,29,1.51,ALERTA
"2010-12",1915,22,1.15,SAUDÁVEL
"2011-01",1936,23,1.19,SAUDÁVEL
"2011-02",1946,25,1.28,SAUDÁVEL
"2011-03",1957,28,1.43,SAUDÁVEL
"2011-04",1971,19,0.96,SAUDÁVEL
"2011-05",1990,48,2.41,CRÍTICO (>2%)
"2011-06",1996,25,1.25,SAUDÁVEL
"2011-07",2027,15,0.74,SAUDÁVEL
"2011-08",2111,27,1.28,SAUDÁVEL
"2011-09",2143,32,1.49,SAUDÁVEL
"2011-10",2174,39,1.79,ALERTA
"2011-11",2210,29,1.31,SAUDÁVEL
"2011-12",2252,23,1.02,SAUDÁVEL
"2012-01",2267,41,1.81,ALERTA
"2012-02",2285,30,1.31,SAUDÁVEL
"2012-03",2300,42,1.83,ALERTA
"2012-04",2290,17,0.74,SAUDÁVEL
"2012-05",2320,41,1.77,ALERTA
"2012-06",2330,26,1.12,SAUDÁVEL
"2012-07",2367,25,1.06,SAUDÁVEL
"2012-08",2479,17,0.69,SAUDÁVEL
"2012-09",2505,30,1.20,SAUDÁVEL
"2012-10",2521,36,1.43,SAUDÁVEL
"2012-11",2531,37,1.46,SAUDÁVEL
"2012-12",2593,29,1.12,SAUDÁVEL
"2013-01",2616,51,1.95,ALERTA
"2013-02",2627,27,1.03,SAUDÁVEL
"2013-03",2654,32,1.21,SAUDÁVEL
"2013-04",2672,33,1.24,SAUDÁVEL
"2013-05",2696,51,1.89,ALERTA
"2013-06",2684,30,1.12,SAUDÁVEL
"2013-07",2696,54,2.00,CRÍTICO (>2%)
"2013-08",2725,41,1.50,ALERTA
"2013-09",2726,35,1.28,SAUDÁVEL
"2013-10",2725,25,0.92,SAUDÁVEL
"2013-11",2758,36,1.31,SAUDÁVEL
"2013-12",2770,43,1.55,ALERTA
"2014-01",2770,61,2.20,CRÍTICO (>2%)
"2014-02",2752,49,1.78,ALERTA
"2014-03",2759,31,1.12,SAUDÁVEL
"2014-04",2793,47,1.68,ALERTA
"2014-05",2804,42,1.50,SAUDÁVEL
"2014-06",2819,24,0.85,SAUDÁVEL
"2014-07",2853,38,1.33,SAUDÁVEL
"2014-08",2886,25,0.87,SAUDÁVEL
"2014-09",2922,49,1.68,ALERTA
"2014-10",2940,35,1.19,SAUDÁVEL
"2014-11",2978,31,1.04,SAUDÁVEL
"2014-12",3014,22,0.73,SAUDÁVEL
"2015-01",3058,42,1.37,SAUDÁVEL
"2015-02",3085,43,1.39,SAUDÁVEL
"2015-03",3108,55,1.77,ALERTA
"2015-04",3124,45,1.44,SAUDÁVEL
"2015-05",3143,29,0.92,SAUDÁVEL
"2015-06",3185,55,1.73,ALERTA
"2015-07",3201,36,1.12,SAUDÁVEL
"2015-08",3285,28,0.85,SAUDÁVEL
"2015-09",3295,51,1.55,ALERTA
"2015-10",3297,45,1.36,SAUDÁVEL
"2015-11",3315,46,1.39,SAUDÁVEL
"2015-12",3325,46,1.38,SAUDÁVEL
"2016-01",3334,38,1.14,SAUDÁVEL
"2016-02",3357,58,1.73,ALERTA
"2016-03",3361,51,1.52,ALERTA
"2016-04",3383,50,1.48,SAUDÁVEL
"2016-05",3387,44,1.30,SAUDÁVEL
"2016-06",3401,40,1.18,SAUDÁVEL
"2016-07",3409,47,1.38,SAUDÁVEL
"2016-08",3429,64,1.87,ALERTA
"2016-09",3393,31,0.91,SAUDÁVEL
"2016-10",3373,47,1.39,SAUDÁVEL
"2016-11",3343,43,1.29,SAUDÁVEL
"2016-12",3315,39,1.18,SAUDÁVEL
"2017-01",3293,39,1.18,SAUDÁVEL
"2017-02",3275,22,0.67,SAUDÁVEL
"2017-03",3270,45,1.38,SAUDÁVEL
"2017-04",3246,27,0.83,SAUDÁVEL
"2017-05",3238,38,1.17,SAUDÁVEL
"2017-06",3225,36,1.12,SAUDÁVEL
"2017-07",3215,46,1.43,SAUDÁVEL
"2017-08",3201,43,1.34,SAUDÁVEL
"2017-09",3182,36,1.13,SAUDÁVEL
"2017-10",3172,33,1.04,SAUDÁVEL
"2017-11",3171,29,0.91,SAUDÁVEL
"2017-12",3156,41,1.30,SAUDÁVEL
"2018-01",3140,49,1.56,ALERTA
"2018-02",3125,33,1.06,SAUDÁVEL
"2018-03",3109,43,1.38,SAUDÁVEL
"2018-04",3081,32,1.04,SAUDÁVEL
"2018-05",3065,46,1.50,ALERTA
"2018-06",3043,31,1.02,SAUDÁVEL
"2018-07",3039,47,1.55,ALERTA
"2018-08",3028,47,1.55,ALERTA
"2018-09",3017,44,1.46,SAUDÁVEL
"2018-10",3010,31,1.03,SAUDÁVEL
"2018-11",3004,31,1.03,SAUDÁVEL
"2018-12",3007,26,0.86,SAUDÁVEL
"2019-01",3028,25,0.83,SAUDÁVEL
"2019-02",3041,36,1.18,SAUDÁVEL
"2019-03",3031,40,1.32,SAUDÁVEL
"2019-04",3022,30,0.99,SAUDÁVEL
"2019-05",3034,28,0.92,SAUDÁVEL
"2019-06",3071,37,1.20,SAUDÁVEL
"2019-07",3061,46,1.50,ALERTA
"2019-08",3057,38,1.24,SAUDÁVEL
"2019-09",3065,44,1.44,SAUDÁVEL
"2019-10",3050,39,1.28,SAUDÁVEL
"2019-11",3069,29,0.94,SAUDÁVEL
"2019-12",3091,20,0.65,SAUDÁVEL
"2020-01",3095,23,0.74,SAUDÁVEL
"2020-02",3113,32,1.03,SAUDÁVEL
"2020-03",3104,31,1.00,SAUDÁVEL
"2020-04",3127,42,1.34,SAUDÁVEL
"2020-05",3133,24,0.77,SAUDÁVEL
"2020-06",3157,26,0.82,SAUDÁVEL
"2020-07",3186,27,0.85,SAUDÁVEL
"2020-08",3215,24,0.75,SAUDÁVEL
"2020-09",3222,20,0.62,SAUDÁVEL
"2020-10",3237,18,0.56,SAUDÁVEL
"2020-11",3267,18,0.55,SAUDÁVEL
"2020-12",3318,45,1.36,SAUDÁVEL
"2021-01",3320,18,0.54,SAUDÁVEL
"2021-02",3348,32,0.96,SAUDÁVEL
"2021-03",3350,40,1.19,SAUDÁVEL
"2021-04",3351,29,0.87,SAUDÁVEL
"2021-05",3364,79,2.35,CRÍTICO (>2%)
"2021-06",3470,36,1.04,SAUDÁVEL
"2021-07",3508,32,0.91,SAUDÁVEL
"2021-08",3568,34,0.95,SAUDÁVEL
"2021-09",3612,40,1.11,SAUDÁVEL
"2021-10",3613,32,0.89,SAUDÁVEL
"2021-11",3635,54,1.49,SAUDÁVEL
"2021-12",3638,36,0.99,SAUDÁVEL
"2022-01",3644,35,0.96,SAUDÁVEL
"2022-02",3647,25,0.69,SAUDÁVEL
"2022-03",3655,41,1.12,SAUDÁVEL
"2022-04",3674,51,1.39,SAUDÁVEL
"2022-05",3680,52,1.41,SAUDÁVEL
"2022-06",3668,31,0.85,SAUDÁVEL
"2022-07",3695,27,0.73,SAUDÁVEL
"2022-08",3727,86,2.31,CRÍTICO (>2%)
"2022-09",3694,48,1.30,SAUDÁVEL
"2022-10",3691,41,1.11,SAUDÁVEL
"2022-11",3703,38,1.03,SAUDÁVEL
"2022-12",3729,31,0.83,SAUDÁVEL
"2023-01",3739,39,1.04,SAUDÁVEL
"2023-02",3730,39,1.05,SAUDÁVEL
"2023-03",3743,57,1.52,ALERTA
"2023-04",3736,43,1.15,SAUDÁVEL
"2023-05",3735,43,1.15,SAUDÁVEL
"2023-06",3739,41,1.10,SAUDÁVEL
"2023-07",3742,28,0.75,SAUDÁVEL
"2023-08",3788,37,0.98,SAUDÁVEL
"2023-09",3796,25,0.66,SAUDÁVEL
"2023-10",3811,33,0.87,SAUDÁVEL
"2023-11",3818,38,1.00,SAUDÁVEL
"2023-12",3814,32,0.84,SAUDÁVEL
"2024-01",3818,47,1.23,SAUDÁVEL
"2024-02",3810,29,0.76,SAUDÁVEL
"2024-03",3815,33,0.87,SAUDÁVEL
"2024-04",3833,38,0.99,SAUDÁVEL
"2024-05",3841,45,1.17,SAUDÁVEL
"2024-06",3846,44,1.14,SAUDÁVEL
"2024-07",3842,34,0.88,SAUDÁVEL
"2024-08",3848,25,0.65,SAUDÁVEL
"2024-09",3867,22,0.57,SAUDÁVEL
"2024-10",3878,42,1.08,SAUDÁVEL
"2024-11",3868,35,0.90,SAUDÁVEL
"2024-12",3876,27,0.70,SAUDÁVEL
"2025-01",3893,45,1.16,SAUDÁVEL
"2025-02",3898,31,0.80,SAUDÁVEL
"2025-03",3905,32,0.82,SAUDÁVEL
"2025-04",3906,27,0.69,SAUDÁVEL
"2025-05",3916,47,1.20,SAUDÁVEL
"2025-06",3890,46,1.18,SAUDÁVEL
"2025-07",3860,42,1.09,SAUDÁVEL
"2025-08",3839,43,1.12,SAUDÁVEL
"2025-09",3818,50,1.31,SAUDÁVEL
"2025-10",3796,43,1.13,SAUDÁVEL
"2025-11",3778,25,0.66,SAUDÁVEL
"2025-12",3768,40,1.06,SAUDÁVEL
"2026-01",3755,37,0.99,SAUDÁVEL
"2026-02",3752,39,1.04,SAUDÁVEL
"2026-03",3744,12,0.32,SAUDÁVEL
